"ID","YCOORD","XCOORD","ELEVATION","SLOPE","ASPECT","ADM1_NAME","COUNTRY","map_class"
"216","13.4447994144842","104.06725354531","50","0.00429700355408772","4.68081415664596","Siemréab","Cambodia","Forest Degradation"
"398","13.4424833688227","104.070081554428","50","0.00429700355408772","4.68081415664596","Siemréab","Cambodia","Forest Degradation"
"498","13.4477765420209","104.064553705363","46","0.00450749805603837","4.89395675245501","Siemréab","Cambodia","Forest Degradation"
"273","13.4475597511615","104.069730742629","50","0.00429700355408772","4.68081415664596","Siemréab","Cambodia","Forest Degradation"
"97","13.4459165210897","104.07036432808","50","0.00429700355408772","4.68081415664596","Siemréab","Cambodia","Forest Degradation"
"380","13.4482880678245","104.075868586209","53","0.00385933590389703","4.46378783367674","Siemréab","Cambodia","Forest Degradation"
"684","13.4471272724777","104.084291889588","57","0.0035912354046994","4.15516271312767","Siemréab","Cambodia","Forest Degradation"
"339","13.452343998512","104.072694012676","49","0.00562312858350488","5.48723274171924","Siemréab","Cambodia","Forest Degradation"
"531","13.4527320182494","104.078075042804","53","0.00660360324381468","5.15842092752878","Siemréab","Cambodia","Forest Degradation"
"205","13.4574513883591","104.050827582895","39","0.0026359292674997","4.66090237123762","Siemréab","Cambodia","Forest Degradation"
"294","13.4570736361406","104.053108940921","39","0.0026359292674997","4.66090237123762","Siemréab","Cambodia","Forest Degradation"
"453","13.4556381870817","104.078098372979","53","0.00660360324381468","5.15842092752878","Siemréab","Cambodia","Forest Degradation"
"79","13.4566382865396","104.082438597859","53","0.00660360324381468","5.15842092752878","Siemréab","Cambodia","Forest Degradation"
"443","13.454986008359","104.083581875187","57","0.00657779707561774","4.46231546357164","Siemréab","Cambodia","Forest Degradation"
"418","13.4596622075386","104.049457955538","41","0.00408160607388443","3.59863533368772","Siemréab","Cambodia","Forest Degradation"
"411","13.4617363643468","104.084108521868","61","0.0152705181948758","4.12914649777086","Siemréab","Cambodia","Forest Degradation"
"145","13.4758345895425","104.067555955698","54","0.00795508117156541","3.69141797239512","Siemréab","Cambodia","Forest Degradation"
"123","13.4744013159856","104.074452481491","47","0.00653461453650922","3.44298516159038","Siemréab","Cambodia","Forest Degradation"
"258","13.4766406977281","104.064593581517","51","0.00490281368411228","3.48759855247562","Siemréab","Cambodia","Forest Degradation"
"693","13.4788729295526","104.068729369339","54","0.00795508117156541","3.69141797239512","Siemréab","Cambodia","Forest Degradation"
"597","13.4769920039999","104.074006284344","54","0.00795508117156541","3.69141797239512","Siemréab","Cambodia","Forest Degradation"
"536","13.4795950112505","104.074488558048","54","0.00795508117156541","3.69141797239512","Siemréab","Cambodia","Forest Degradation"
"276","13.4809914250117","104.065046389578","51","0.00490281368411228","3.48759855247562","Siemréab","Cambodia","Forest Degradation"
"673","13.4815363521342","104.071877953829","54","0.00795508117156541","3.69141797239512","Siemréab","Cambodia","Forest Degradation"
"30","13.4885137802181","104.05128018171","54","0.00421134623703734","3.65776260059682","Siemréab","Cambodia","Forest Degradation"
"687","13.4883217258169","104.051407737671","54","0.00421134623703734","3.65776260059682","Siemréab","Cambodia","Forest Degradation"
"43","13.4885171100282","104.057523674972","54","0.00421134623703734","3.65776260059682","Siemréab","Cambodia","Forest Degradation"
"244","13.4888357137768","104.06347627109","55","0.00571836770265894","3.73276603003188","Siemréab","Cambodia","Forest Degradation"
"666","13.4883112179168","104.07074947186","58","0.0108589154800913","3.93761488291312","Siemréab","Cambodia","Forest Degradation"
"62","13.4880618393498","104.075911038431","70","0.0174640493903904","4.21880937936222","Siemréab","Cambodia","Forest Degradation"
"641","13.4935223590341","104.050955963113","57","0.00446022567891819","3.89415107791244","Siemréab","Cambodia","Forest Degradation"
"270","13.4900378131367","104.060180825474","55","0.00571836770265894","3.73276603003188","Siemréab","Cambodia","Forest Degradation"
"168","13.4939891625013","104.063022096761","58","0.0104713125138398","3.93763232680205","Siemréab","Cambodia","Forest Degradation"
"110","13.4910507989897","104.072643838403","58","0.0108589154800913","3.93761488291312","Siemréab","Cambodia","Forest Degradation"
"417","13.4921669744509","104.145096419259","410","0.0733752731611817","3.05854970032315","Siemréab","Cambodia","Forest Degradation"
"361","13.4967363332318","104.060049674513","58","0.0104713125138398","3.93763232680205","Siemréab","Cambodia","Forest Degradation"
"226","13.4969412837478","104.063259545118","58","0.0104713125138398","3.93763232680205","Siemréab","Cambodia","Forest Degradation"
"221","13.5010832970325","104.123899117711","293","0.151598845076696","4.20215521998437","Siemréab","Cambodia","Forest Degradation"
"438","13.4999813207083","104.125959785017","310","0.162311399493641","3.82372565061239","Siemréab","Cambodia","Forest Degradation"
"464","13.5071077086536","104.118644979103","293","0.151598845076696","4.20215521998437","Siemréab","Cambodia","Forest Degradation"
"550","13.504789029495","104.123564948384","293","0.151598845076696","4.20215521998437","Siemréab","Cambodia","Forest Degradation"
"535","13.5040368654551","104.125755294394","398","0.091775483120196","4.18234435740994","Siemréab","Cambodia","Forest Degradation"
"594","13.5076785175356","104.178463598892","141","0.0945501745595212","2.46027542479352","Siemréab","Cambodia","Forest Degradation"
"223","13.5084982582126","104.119627103873","332","0.112291685561767","4.47560116084095","Siemréab","Cambodia","Forest Degradation"
"314","13.5165191214377","104.183297544167","224","0.124706603446282","2.78826232216366","Siemréab","Cambodia","Forest Degradation"
"423","13.51956073082","104.195296449922","383","0.110439789191205","2.53369258522855","Siemréab","Cambodia","Forest Degradation"
"662","13.5324865345164","104.126991339906","395","0.0378065562289106","4.59375854672709","Siemréab","Cambodia","Forest Degradation"
"134","13.5332785772263","104.141208815768","429","0.0116289572385192","0.252954250213808","Siemréab","Cambodia","Forest Degradation"
"2","13.5597981509754","104.021132386478","65","0.00776703261411869","3.8628090000787","Siemréab","Cambodia","Forest Degradation"
"375","13.5582390401449","104.023708181643","59","0.00761996318649952","4.03971440054187","Siemréab","Cambodia","Forest Degradation"
"344","13.5640565096988","104.01972543989","65","0.00776703261411869","3.8628090000787","Siemréab","Cambodia","Forest Degradation"
"589","13.5691166917388","104.023159419671","70","0.00745427987561305","4.06822062659137","Siemréab","Cambodia","Forest Degradation"
"324","13.567726094725","104.027370150586","77","0.00940674862128147","4.061784818414","Siemréab","Cambodia","Forest Degradation"
"678","13.5735249473308","104.017143289503","70","0.00745427987561305","4.06822062659137","Siemréab","Cambodia","Forest Degradation"
"199","13.5709150969948","104.02237729919","70","0.00745427987561305","4.06822062659137","Siemréab","Cambodia","Forest Degradation"
"51","13.5737091280418","104.027278921797","77","0.00940674862128147","4.061784818414","Siemréab","Cambodia","Forest Degradation"
"312","13.57807371653","104.013590690863","68","0.00936830857515594","4.34198120413124","Siemréab","Cambodia","Forest Degradation"
"376","13.5758931885849","104.016064939528","68","0.00936830857515594","4.34198120413124","Siemréab","Cambodia","Forest Degradation"
"347","13.5758642654746","104.020649907706","74","0.0094069577870443","4.06180174382131","Siemréab","Cambodia","Forest Degradation"
"607","13.5778200284361","104.066811880598","289","0.0719011945264766","3.96473303932623","Siemréab","Cambodia","Forest Degradation"
"363","13.5773293798565","104.076914214977","303","0.0352651389643232","4.87849249549993","Siemréab","Cambodia","Forest Degradation"
"461","13.5763441531276","104.080309553278","303","0.0352651389643232","4.87849249549993","Siemréab","Cambodia","Forest Degradation"
"456","13.5760558831734","104.111567359185","280","0.0257000258557142","4.78104720632929","Siemréab","Cambodia","Forest Degradation"
"379","13.5820682528932","104.061340987819","199","0.105596832766295","3.99271966066229","Siemréab","Cambodia","Forest Degradation"
"20","13.5839848988081","104.068829381554","263","0.0270881242225501","5.93873286093137","Siemréab","Cambodia","Forest Degradation"
"397","13.5810506962706","104.069730619074","289","0.0719011945264766","3.96473303932623","Siemréab","Cambodia","Forest Degradation"
"519","13.5803689405309","104.074793196929","289","0.0719011945264766","3.96473303932623","Siemréab","Cambodia","Forest Degradation"
"117","13.5878268869744","104.069234088624","263","0.0270881242225501","5.93873286093137","Siemréab","Cambodia","Forest Degradation"
"649","13.586401286318","104.072542346342","263","0.0270881242225501","5.93873286093137","Siemréab","Cambodia","Forest Degradation"
"118","13.5850139470417","104.078386710142","255","0.0361992677184532","5.86537981424268","Siemréab","Cambodia","Forest Degradation"
"364","13.5869527682984","104.09209229152","230","0.00668305722044497","0.103900665978435","Siemréab","Cambodia","Forest Degradation"
"58","13.5906534164671","104.064130243287","276","0.0572610628171769","4.3009430340866","Siemréab","Cambodia","Forest Degradation"
"490","13.5896444912435","104.066836118843","263","0.0270881242225501","5.93873286093137","Siemréab","Cambodia","Forest Degradation"
"454","13.5921853984186","104.070293034645","191","0.0452018996462508","6.03230805958508","Siemréab","Cambodia","Forest Degradation"
"74","13.5918931485885","104.074779464406","191","0.0452018996462508","6.03230805958508","Siemréab","Cambodia","Forest Degradation"
"391","13.5897328358794","104.08658987901","259","0.0234502377052946","6.13488071315137","Siemréab","Cambodia","Forest Degradation"
"578","13.5896706392218","104.089524128044","259","0.0234502377052946","6.13488071315137","Siemréab","Cambodia","Forest Degradation"
"169","13.5921196558589","104.191305424051","266","0.138017659100454","0.745969887361829","Siemréab","Cambodia","Forest Degradation"
"486","13.5946256817381","104.068030840467","191","0.0452018996462508","6.03230805958508","Siemréab","Cambodia","Forest Degradation"
"647","13.5965903344116","104.191573956566","266","0.138017659100454","0.745969887361829","Siemréab","Cambodia","Forest Degradation"
"396","13.602490316565","104.048096718603","210","0.0541985460399185","4.84278331437051","Siemréab","Cambodia","Forest Degradation"
"152","13.6044919533919","104.053927031379","208","0.0454236601757362","6.26183378093046","Siemréab","Cambodia","Forest Degradation"
"219","13.6061075423985","104.085332538268","259","0.0274724142988363","5.06522923173478","Siemréab","Cambodia","Forest Degradation"
"431","13.6045443832692","104.088892173109","259","0.0274724142988363","5.06522923173478","Siemréab","Cambodia","Forest Degradation"
"85","13.6088691702302","104.079520420551","261","0.0471859851913684","3.22094838550244","Siemréab","Cambodia","Forest Degradation"
"392","13.6108339392474","104.083734824343","253","0.021669292228706","3.43359289220686","Siemréab","Cambodia","Forest Degradation"
"156","13.6122599759524","104.076825364875","261","0.0471859851913684","3.22094838550244","Siemréab","Cambodia","Forest Degradation"
"372","13.6111006855971","104.081349840308","261","0.0471859851913684","3.22094838550244","Siemréab","Cambodia","Forest Degradation"
"318","13.6116076062224","104.085518470138","253","0.021669292228706","3.43359289220686","Siemréab","Cambodia","Forest Degradation"
"389","13.4557537744283","104.207013763197","70","0.00378088372326975","4.14410471382897","Siemréab","Cambodia","Forest enhancement"
"3","13.4569489272239","104.222829016282","74","0.00427527220534553","3.84673211679959","Siemréab","Cambodia","Forest enhancement"
"277","13.4609729787432","104.208627843498","77","0.00318360156019089","3.497209923916","Siemréab","Cambodia","Forest enhancement"
"424","13.4696870511226","104.070043571497","47","0.00653461453650922","3.44298516159038","Siemréab","Cambodia","Forest enhancement"
"56","13.4730336360538","104.064783398556","47","0.00489141235864093","3.19827663745897","Siemréab","Cambodia","Forest enhancement"
"644","13.4713384571955","104.070661394717","47","0.00653461453650922","3.44298516159038","Siemréab","Cambodia","Forest enhancement"
"483","13.4704109797062","104.198154691369","77","0.0061960195924591","3.41327041291357","Siemréab","Cambodia","Forest enhancement"
"315","13.4764984511755","104.059859284708","51","0.00490281368411228","3.48759855247562","Siemréab","Cambodia","Forest enhancement"
"652","13.4739430320655","104.070812746101","47","0.00653461453650922","3.44298516159038","Siemréab","Cambodia","Forest enhancement"
"274","13.4773772240779","104.078176361492","57","0.0188268905037029","4.27335106077395","Siemréab","Cambodia","Forest enhancement"
"689","13.4766874837818","104.229761836133","81","0.00508739837662786","2.23101483237976","Siemréab","Cambodia","Forest enhancement"
"200","13.475051534728","104.234378328477","77","0.0029381581442975","1.43183929479242","Siemréab","Cambodia","Forest enhancement"
"111","13.4761875216292","104.246493253789","75","0.00233911739517323","0.878981409699985","Siemréab","Cambodia","Forest enhancement"
"369","13.4756510559458","104.249217910353","75","0.00233911739517323","0.878981409699985","Siemréab","Cambodia","Forest enhancement"
"21","13.4804766216097","104.171920562247","93","0.0660676832661161","2.62462815568851","Siemréab","Cambodia","Forest enhancement"
"348","13.4784343243561","104.228961022704","81","0.00508739837662786","2.23101483237976","Siemréab","Cambodia","Forest enhancement"
"612","13.4790572258069","104.233983883106","77","0.0029381581442975","1.43183929479242","Siemréab","Cambodia","Forest enhancement"
"93","13.479497129526","104.238770283744","77","0.0029381581442975","1.43183929479242","Siemréab","Cambodia","Forest enhancement"
"212","13.4790092744879","104.243007449443","75","0.00233911739517323","0.878981409699985","Siemréab","Cambodia","Forest enhancement"
"215","13.4815998311143","104.173882496228","93","0.0660676832661161","2.62462815568851","Siemréab","Cambodia","Forest enhancement"
"474","13.4845046709341","104.226047837334","85","0.00839954598593892","1.8657537003481","Siemréab","Cambodia","Forest enhancement"
"213","13.488543892885","104.177608040194","100","0.0399238456319141","2.14524001515371","Siemréab","Cambodia","Forest enhancement"
"81","13.4904412980472","104.033989842595","48","0.00448508915417658","4.02417461848013","Siemréab","Cambodia","Forest enhancement"
"36","13.4918594343726","104.043809318315","54","0.00444585822612527","4.20236176037193","Siemréab","Cambodia","Forest enhancement"
"544","13.4890797955554","104.046624458168","51","0.00465397024763407","3.93761488291312","Siemréab","Cambodia","Forest enhancement"
"189","13.4922800893484","104.114793881308","88","0.0642104940373872","4.01610900836028","Siemréab","Cambodia","Forest enhancement"
"661","13.4924219170012","104.221584391674","98","0.014156991679556","1.51327512768732","Siemréab","Cambodia","Forest enhancement"
"175","13.4942011735244","104.036538027257","50","0.00407279990535901","4.22728017151627","Siemréab","Cambodia","Forest enhancement"
"141","13.494001885361","104.114347821685","88","0.0642104940373872","4.01610900836028","Siemréab","Cambodia","Forest enhancement"
"441","13.4988831850461","104.021586743794","44","0.00352022490076661","4.04800582348517","Siemréab","Cambodia","Forest enhancement"
"484","13.5117969928866","104.052605797669","60","0.00459129268391693","4.80114354799077","Siemréab","Cambodia","Forest enhancement"
"137","13.5227626517759","104.070758657288","71","0.0108876768513501","3.9911316598584","Siemréab","Cambodia","Forest enhancement"
"471","13.5230562360231","104.105184887417","94","0.108299384621805","4.2084733529586","Siemréab","Cambodia","Forest enhancement"
"280","13.5263299625099","104.101238491642","220","0.129761551450241","4.21616049265361","Siemréab","Cambodia","Forest enhancement"
"9","13.5260833768102","104.103374936346","220","0.129761551450241","4.21616049265361","Siemréab","Cambodia","Forest enhancement"
"5","13.5371234502498","104.007577517599","43","0.0039097603771286","3.78839001126798","Siemréab","Cambodia","Forest enhancement"
"346","13.5381161776634","104.006543830402","43","0.0039097603771286","3.78839001126798","Siemréab","Cambodia","Forest enhancement"
"203","13.5409465286154","104.081990398477","101","0.00659247347712899","3.90830463856459","Siemréab","Cambodia","Forest enhancement"
"57","13.5683070439125","104.006505859479","60","0.00691926364832621","4.43434818912799","Siemréab","Cambodia","Forest enhancement"
"434","13.5755953609808","104.034415598917","90","0.0124386728167209","3.98458978218392","Siemréab","Cambodia","Forest enhancement"
"366","13.5752355232693","104.053854301951","97","0.0659196715958236","4.05853144092137","Siemréab","Cambodia","Forest enhancement"
"290","13.573967329742","104.1094413656","291","0.0271244135139523","5.3939426919256","Siemréab","Cambodia","Forest enhancement"
"166","13.5742957121342","104.112868150869","291","0.0271244135139523","5.3939426919256","Siemréab","Cambodia","Forest enhancement"
"194","13.5792995158695","103.987149525795","59","0.00756595015995845","3.45832769604977","Siemréab","Cambodia","Forest enhancement"
"667","13.5784375662623","104.015120209684","68","0.00936830857515594","4.34198120413124","Siemréab","Cambodia","Forest enhancement"
"538","13.5766290361456","104.034838074151","90","0.0124386728167209","3.98458978218392","Siemréab","Cambodia","Forest enhancement"
"310","13.5777820235577","104.039652978489","90","0.0124386728167209","3.98458978218392","Siemréab","Cambodia","Forest enhancement"
"103","13.5773996392923","104.070412144614","289","0.0719011945264766","3.96473303932623","Siemréab","Cambodia","Forest enhancement"
"291","13.5793313457051","104.109155512712","280","0.0257000258557142","4.78104720632929","Siemréab","Cambodia","Forest enhancement"
"325","13.5824741223392","103.990423822567","59","0.00756595015995845","3.45832769604977","Siemréab","Cambodia","Forest enhancement"
"227","13.5814252222683","104.029153769897","80","0.0105388468358599","4.02993176198697","Siemréab","Cambodia","Forest enhancement"
"225","13.5833878346189","104.034412045925","97","0.0164197729914849","4.11589439262396","Siemréab","Cambodia","Forest enhancement"
"499","13.5837893830069","104.040238305504","97","0.0164197729914849","4.11589439262396","Siemréab","Cambodia","Forest enhancement"
"572","13.5830530517218","104.043584226492","97","0.0165631955828042","3.6773359612102","Siemréab","Cambodia","Forest enhancement"
"100","13.5804335983705","104.06471497994","199","0.105596832766295","3.99271966066229","Siemréab","Cambodia","Forest enhancement"
"593","13.5810751307319","104.108146630411","287","0.0236960054299634","0.176381093654269","Siemréab","Cambodia","Forest enhancement"
"674","13.58678627929","103.992183245632","66","0.0181811023085857","2.49522306106014","Siemréab","Cambodia","Forest enhancement"
"642","13.5853842182676","104.027561721673","88","0.0105317867456005","3.80858512786751","Siemréab","Cambodia","Forest enhancement"
"479","13.5860897328974","104.030868897461","88","0.0105317867456005","3.80858512786751","Siemréab","Cambodia","Forest enhancement"
"130","13.5862129936535","104.033476345083","97","0.0164197729914849","4.11589439262396","Siemréab","Cambodia","Forest enhancement"
"214","13.5857769614307","104.038521412117","97","0.0164197729914849","4.11589439262396","Siemréab","Cambodia","Forest enhancement"
"61","13.5874726515935","104.043820762331","110","0.047306722127801","3.95011325050654","Siemréab","Cambodia","Forest enhancement"
"195","13.5871009140699","104.046637670511","110","0.047306722127801","3.95011325050654","Siemréab","Cambodia","Forest enhancement"
"374","13.590332673457","104.017908675849","83","0.013000132386427","3.95274088626248","Siemréab","Cambodia","Forest enhancement"
"590","13.5914107833144","104.027885092048","88","0.0105317867456005","3.80858512786751","Siemréab","Cambodia","Forest enhancement"
"657","13.5879661287015","104.030288826654","88","0.0105317867456005","3.80858512786751","Siemréab","Cambodia","Forest enhancement"
"186","13.5887253577998","104.034849525643","97","0.0164197729914849","4.11589439262396","Siemréab","Cambodia","Forest enhancement"
"75","13.5880408849715","104.039512690181","97","0.0164197729914849","4.11589439262396","Siemréab","Cambodia","Forest enhancement"
"321","13.5929482625024","104.011173799286","78","0.0147955610516632","4.16252026324105","Siemréab","Cambodia","Forest enhancement"
"87","13.5949112652373","104.016021615861","78","0.0147955610516632","4.16252026324105","Siemréab","Cambodia","Forest enhancement"
"171","13.5920405614109","104.019329494165","93","0.00970000515536619","4.11874415057753","Siemréab","Cambodia","Forest enhancement"
"481","13.5928934240122","104.024160602288","93","0.00970000515536619","4.11874415057753","Siemréab","Cambodia","Forest enhancement"
"604","13.5950532594553","104.026628537599","98","0.00123468312203394","5.16741125942848","Siemréab","Cambodia","Forest enhancement"
"18","13.5949449106757","104.028985998901","98","0.00123468312203394","5.16741125942848","Siemréab","Cambodia","Forest enhancement"
"351","13.5927105721196","104.188306697193","266","0.138017659100454","0.745969887361829","Siemréab","Cambodia","Forest enhancement"
"333","13.5975276273224","103.991492498537","131","0.00319613321085604","0.21861097471585","Siemréab","Cambodia","Forest enhancement"
"27","13.5953211201359","104.013440294409","78","0.0147955610516632","4.16252026324105","Siemréab","Cambodia","Forest enhancement"
"630","13.597469158018","104.020644290414","93","0.00970000515536619","4.11874415057753","Siemréab","Cambodia","Forest enhancement"
"80","13.5958789434523","104.024713711092","93","0.00970000515536619","4.11874415057753","Siemréab","Cambodia","Forest enhancement"
"220","13.5984536033624","104.027996142033","98","0.00123468312203394","5.16741125942848","Siemréab","Cambodia","Forest enhancement"
"554","13.5959105098163","104.029659519389","98","0.00123468312203394","5.16741125942848","Siemréab","Cambodia","Forest enhancement"
"420","13.5966119696173","104.071263893323","191","0.0452018996462508","6.03230805958508","Siemréab","Cambodia","Forest enhancement"
"192","13.6001890073122","103.98871762563","61","0.0249800289364774","6.23878067421421","Siemréab","Cambodia","Forest enhancement"
"567","13.6003208479095","103.992233523406","64","0.0132112601134125","0.222181379221531","Siemréab","Cambodia","Forest enhancement"
"432","13.5996901815483","103.994272563149","70","0.0164962722655931","1.56257358152632","Siemréab","Cambodia","Forest enhancement"
"409","13.6019626862792","104.008938777911","86","0.0102623574875596","4.73882860992653","Siemréab","Cambodia","Forest enhancement"
"671","13.6025438271942","104.011399285087","86","0.0102623574875596","4.73882860992653","Siemréab","Cambodia","Forest enhancement"
"403","13.6014277126408","104.017662418403","96","0.00774338175359234","6.22944875635415","Siemréab","Cambodia","Forest enhancement"
"182","13.5997648691521","104.021339884088","93","0.00970000515536619","4.11874415057753","Siemréab","Cambodia","Forest enhancement"
"340","13.6001645240615","104.046677551611","210","0.0541985460399185","4.84278331437051","Siemréab","Cambodia","Forest enhancement"
"506","13.6010951448212","104.063858331455","147","0.027630796981284","6.09139607717085","Siemréab","Cambodia","Forest enhancement"
"285","13.6011478504888","104.068718176129","173","0.0398390031394818","4.33234801389766","Siemréab","Cambodia","Forest enhancement"
"289","13.6048442740441","103.992766117217","64","0.0132112601134125","0.222181379221531","Siemréab","Cambodia","Forest enhancement"
"55","13.6029863745731","104.01261344481","86","0.0102623574875596","4.73882860992653","Siemréab","Cambodia","Forest enhancement"
"164","13.6041065666409","104.021454362543","96","0.00774338175359234","6.22944875635415","Siemréab","Cambodia","Forest enhancement"
"101","13.6036452971147","104.025175383707","86","0.00768091870748934","5.7947119671157","Siemréab","Cambodia","Forest enhancement"
"370","13.6039137533463","104.084303838808","259","0.0274724142988363","5.06522923173478","Siemréab","Cambodia","Forest enhancement"
"575","13.6131774252328","103.991424257059","56","0.00125512782212535","4.8206814229839","Siemréab","Cambodia","Forest enhancement"
"304","13.6180142026398","103.989461823887","59","0.00500404206154557","2.74324721630121","Siemréab","Cambodia","Forest enhancement"
"390","13.6157545238819","103.992547149207","59","0.00691456180263098","5.20263591586244","Siemréab","Cambodia","Forest enhancement"
"247","13.4775899551875","104.144331922895","104","0.0927105644428674","3.2671074220781","Siemréab","Cambodia","Forest preservation"
"509","13.4806003959604","104.148738084023","104","0.0927105644428674","3.2671074220781","Siemréab","Cambodia","Forest preservation"
"477","13.4762869198234","104.15998321009","109","0.0962627351839532","2.96707466057753","Siemréab","Cambodia","Forest preservation"
"66","13.4789023893024","104.165961559657","109","0.0962627351839532","2.96707466057753","Siemréab","Cambodia","Forest preservation"
"69","13.4806932718184","104.194722461035","81","0.0112224084967804","3.54775875653","Siemréab","Cambodia","Forest preservation"
"71","13.4801958657319","104.20934624625","89","0.0126215886769068","2.93147255337004","Siemréab","Cambodia","Forest preservation"
"367","13.4877408327135","104.121440870867","89","0.0720810019207392","3.86774817140058","Siemréab","Cambodia","Forest preservation"
"635","13.4911733004066","104.134435805712","200","0.166538021214941","3.46977244531821","Siemréab","Cambodia","Forest preservation"
"44","13.4876274140213","104.143818779567","270","0.163167745988641","3.23769338993153","Siemréab","Cambodia","Forest preservation"
"598","13.4879735214159","104.155133410036","267","0.145204697437662","3.09893843827048","Siemréab","Cambodia","Forest preservation"
"633","13.4914251973173","104.193323420224","95","0.0195291845722425","3.49663944994813","Siemréab","Cambodia","Forest preservation"
"154","13.4914176572931","104.205321163518","105","0.0168129959374231","3.26552461511339","Siemréab","Cambodia","Forest preservation"
"620","13.4906367213698","104.2149091182","103","0.0135677877241977","2.60568379517739","Siemréab","Cambodia","Forest preservation"
"158","13.4973876014605","104.120585014127","152","0.143903487978621","3.97778173007875","Siemréab","Cambodia","Forest preservation"
"501","13.5011921087596","104.181290734286","141","0.0945501745595212","2.46027542479352","Siemréab","Cambodia","Forest preservation"
"601","13.5008554564063","104.186376672437","133","0.0663942228092889","3.16660494882847","Siemréab","Cambodia","Forest preservation"
"249","13.4979697176473","104.198973671277","118","0.0222035091826609","3.32355655876533","Siemréab","Cambodia","Forest preservation"
"547","13.500032495562","104.204637219866","124","0.0401460478973676","2.40832470940617","Siemréab","Cambodia","Forest preservation"
"664","13.5018243599195","104.216394516179","108","0.0260783422784151","1.80701689501534","Siemréab","Cambodia","Forest preservation"
"368","13.5086317883753","104.113263680176","198","0.135450501964481","4.40392963911493","Siemréab","Cambodia","Forest preservation"
"313","13.5058006872645","104.187606808558","133","0.0663942228092889","3.16660494882847","Siemréab","Cambodia","Forest preservation"
"533","13.5116984344015","104.197340936972","222","0.125261705614474","2.77934182792993","Siemréab","Cambodia","Forest preservation"
"204","13.510494044737","104.203224155778","178","0.0962638412444875","2.35354956127114","Siemréab","Cambodia","Forest preservation"
"617","13.5178728318139","103.99583004933","43","0.00213323405732857","5.48709323527315","Siemréab","Cambodia","Forest preservation"
"95","13.5159590155262","104.109560634256","198","0.135450501964481","4.40392963911493","Siemréab","Cambodia","Forest preservation"
"135","13.5184417280237","104.190134622854","413","0.0845125215822075","3.18086552102111","Siemréab","Cambodia","Forest preservation"
"440","13.5130420952182","104.208744010429","109","0.0568438393543436","2.06236521419634","Siemréab","Cambodia","Forest preservation"
"694","13.513818360696","104.212612772105","109","0.0568438393543436","2.06236521419634","Siemréab","Cambodia","Forest preservation"
"267","13.5290012637793","104.211037959516","239","0.153280942306505","2.51573035247405","Siemréab","Cambodia","Forest preservation"
"140","13.5322430067303","104.101051560206","220","0.129761551450241","4.21616049265361","Siemréab","Cambodia","Forest preservation"
"688","13.5447575637214","104.098292379266","271","0.127850290026549","3.97092627367132","Siemréab","Cambodia","Forest preservation"
"648","13.5451954505798","104.118406815462","358","0.0358765961939425","5.7661639988742","Siemréab","Cambodia","Forest preservation"
"150","13.5425262896227","104.122019684842","358","0.0358765961939425","5.7661639988742","Siemréab","Cambodia","Forest preservation"
"508","13.5414309297066","104.128554581495","401","0.0217882126414584","5.66596258815101","Siemréab","Cambodia","Forest preservation"
"584","13.5482981448437","104.144250395076","331","0.0239993023449983","0.526318364765797","Siemréab","Cambodia","Forest preservation"
"208","13.5564904262147","104.08660399676","240","0.132714522840786","4.10704523772553","Siemréab","Cambodia","Forest preservation"
"309","13.5523632829803","104.095510945311","329","0.0592131343078612","4.02289777010911","Siemréab","Cambodia","Forest preservation"
"271","13.5501909815066","104.104682080552","314","0.00420856438715158","5.10954349038854","Siemréab","Cambodia","Forest preservation"
"193","13.5520308530563","104.111320127313","312","0.0110631458998196","5.2391293775104","Siemréab","Cambodia","Forest preservation"
"588","13.5561346731471","104.134313051743","327","0.00730855779994181","5.95492013633155","Siemréab","Cambodia","Forest preservation"
"173","13.5490213275417","104.139398555614","359","0.0314580845078813","0.322695341538046","Siemréab","Cambodia","Forest preservation"
"543","13.5651179812495","104.078024501021","180","0.139245091285312","4.12565056090461","Siemréab","Cambodia","Forest preservation"
"526","13.5587555482242","104.082477616915","180","0.139245091285312","4.12565056090461","Siemréab","Cambodia","Forest preservation"
"327","13.5635850563921","104.09657599632","320","0.0102356018822042","2.79622449032847","Siemréab","Cambodia","Forest preservation"
"570","13.563067477307","104.10634742638","299","0.00818835567813368","0.532662620225095","Siemréab","Cambodia","Forest preservation"
"143","13.5591475754824","104.115811066681","328","0.0173303242998294","4.93333401917662","Siemréab","Cambodia","Forest preservation"
"322","13.560792824179","104.127522179704","334","0.0202331717641685","3.18955980151828","Siemréab","Cambodia","Forest preservation"
"576","13.5659216563451","104.142506270333","356","0.0205533241511235","3.32467735193512","Siemréab","Cambodia","Forest preservation"
"206","13.5732573085761","104.076287644166","290","0.108522956396888","4.1221472768704","Siemréab","Cambodia","Forest preservation"
"595","13.5714167400994","104.093219699029","320","0.0196979454486605","1.52946922678443","Siemréab","Cambodia","Forest preservation"
"161","13.575415132901","104.100174536247","287","0.0236960054299634","0.176381093654269","Siemréab","Cambodia","Forest preservation"
"180","13.5727524663359","104.117514246949","338","0.0322892396437775","4.958452827767","Siemréab","Cambodia","Forest preservation"
"299","13.5733335553379","104.127550570482","361","0.0157051904633169","3.91309607531059","Siemréab","Cambodia","Forest preservation"
"573","13.5726993023119","104.130828051669","361","0.0157051904633169","3.91309607531059","Siemréab","Cambodia","Forest preservation"
"266","13.5775028164132","104.097464987267","326","0.0462267356264093","0.377484345510315","Siemréab","Cambodia","Forest preservation"
"60","13.5798584807245","104.100989023871","287","0.0236960054299634","0.176381093654269","Siemréab","Cambodia","Forest preservation"
"122","13.5841189795736","104.207208632753","308","0.158806347601534","0.105798190681743","Siemréab","Cambodia","Forest preservation"
"487","13.5810183581609","104.229796751225","353","0.166091451229494","1.10048123255987","Siemréab","Cambodia","Forest preservation"
"185","13.5933456172415","103.985423081552","131","0.00319613321085604","0.21861097471585","Siemréab","Cambodia","Forest preservation"
"496","13.5936471526298","104.082671048266","257","0.0369053162875295","5.16081068148095","Siemréab","Cambodia","Forest preservation"
"651","13.5971736668938","104.050399897068","256","0.0493928625316693","4.39709357423813","Siemréab","Cambodia","Forest preservation"
"426","13.6031479323175","104.057562282513","208","0.0454236601757362","6.26183378093046","Siemréab","Cambodia","Forest preservation"
"373","13.6014998223581","104.098307147622","304","0.0481205182440214","5.08126064872615","Siemréab","Cambodia","Forest preservation"
"571","13.6001905785219","104.099922967825","304","0.0481205182440214","5.08126064872615","Siemréab","Cambodia","Forest preservation"
"40","13.5976870258817","104.215438588138","123","0.110886631209694","0.0960190756696653","Siemréab","Cambodia","Forest preservation"
"640","13.609755339671","104.058539614621","186","0.0749615600710396","4.20707540800064","Siemréab","Cambodia","Forest preservation"
"65","13.6051712867178","104.097982029047","304","0.0481205182440214","5.08126064872615","Siemréab","Cambodia","Forest preservation"
"4","13.608146380592","104.111581092641","368","0.0187028425053445","4.95406227528623","Siemréab","Cambodia","Forest preservation"
"412","13.6076965497684","104.193180401104","101","0.0616222611382715","0.657534209266137","Siemréab","Cambodia","Forest preservation"
"147","13.6098221854701","104.22879864053","75","0.00326008920301189","1.78038136089995","Siemréab","Cambodia","Forest preservation"
"323","13.609480881385","104.239099931735","74","0.00371414404464349","0.900899318204698","Siemréab","Cambodia","Forest preservation"
"238","13.6124442168696","104.246917098377","73","0.00538156347350331","0.541290295957827","Siemréab","Cambodia","Forest preservation"
"562","13.6135469091174","104.045516957356","171","0.0472157956916312","5.7911736205338","Siemréab","Cambodia","Forest preservation"
"691","13.6174576678321","104.056014429176","150","0.0912515414589887","3.71131780118309","Siemréab","Cambodia","Forest preservation"
"658","13.6193151654157","104.062762116124","240","0.0790915361593603","4.03100848962351","Siemréab","Cambodia","Forest preservation"
"260","13.6146026600015","104.075971357089","261","0.0471859851913684","3.22094838550244","Siemréab","Cambodia","Forest preservation"
"449","13.6167835177717","104.083675624294","302","0.0208908584312634","2.81742915102713","Siemréab","Cambodia","Forest preservation"
"507","13.6189871665","104.095382974488","289","0.0310331555837937","3.80002503933513","Siemréab","Cambodia","Forest preservation"
"452","13.6214112022942","104.108565220642","312","0.029967868756116","4.00263256117675","Siemréab","Cambodia","Forest preservation"
"129","13.6169171651056","104.123002977201","354","0.0294322794913911","5.09487373020653","Siemréab","Cambodia","Forest preservation"
"42","13.6176760713329","104.154016851389","162","0.130923411636703","0.771263367836041","Siemréab","Cambodia","Forest preservation"
"201","13.6199340333202","104.163549228393","126","0.0931516216695378","0.510101349840222","Siemréab","Cambodia","Forest preservation"
"583","13.6194850288573","104.165413613203","126","0.0931516216695378","0.510101349840222","Siemréab","Cambodia","Forest preservation"
"157","13.6181570283255","104.181884293509","97","0.0157572950340584","0.5981107560533","Siemréab","Cambodia","Forest preservation"
"579","13.6142779919014","104.190782478425","101","0.0490939650062416","0.637747292176287","Siemréab","Cambodia","Forest preservation"
"637","13.617439240945","104.201562404634","85","0.003500006139521","1.88606059424303","Siemréab","Cambodia","Forest preservation"
"672","13.6204018182761","104.210159351865","87","0.00262208218777057","2.64561936101279","Siemréab","Cambodia","Forest preservation"
"395","13.6214700847363","104.213861484617","87","0.00262208218777057","2.64561936101279","Siemréab","Cambodia","Forest preservation"
"121","13.6244547807787","104.05229699729","150","0.0912515414589887","3.71131780118309","Siemréab","Cambodia","Forest preservation"
"606","13.6228925648382","104.063254545232","240","0.0790915361593603","4.03100848962351","Siemréab","Cambodia","Forest preservation"
"91","13.6218504638973","104.072569095061","313","0.0391771805777625","4.38835054153334","Siemréab","Cambodia","Forest preservation"
"634","13.6298567686171","104.084226941812","299","0.00866071496625842","2.64063525560323","Siemréab","Cambodia","Forest preservation"
"697","13.6257633074039","104.097570024682","298","0.0311653786207307","4.24765037661443","Siemréab","Cambodia","Forest preservation"
"67","13.6238430978604","104.104294122439","313","0.0403784505205321","3.80308436907984","Siemréab","Cambodia","Forest preservation"
"39","13.6279261202719","104.143426096651","261","0.144220408516801","0.945091152085148","Siemréab","Cambodia","Forest preservation"
"207","13.6258202498449","104.15423661471","119","0.0909282490877685","1.0610082554583","Siemréab","Cambodia","Forest preservation"
"383","13.6273477509473","104.160954078191","102","0.0211355217248998","0.76879432777785","Siemréab","Cambodia","Forest preservation"
"282","13.6276760639821","104.170896081924","98","0.00851714208911031","0.979493122797752","Siemréab","Cambodia","Forest preservation"
"353","13.6220514122431","104.18171970478","97","0.0157572950340584","0.5981107560533","Siemréab","Cambodia","Forest preservation"
"331","13.6289060896314","104.186972959962","94","0.00262210312278807","0.495988048071018","Siemréab","Cambodia","Forest preservation"
"10","13.6320632790073","104.05038934381","329","0.0937885588428954","3.7868373142301","Siemréab","Cambodia","Forest preservation"
"627","13.6361880713639","104.061269965171","355","0.0529447637072252","3.35246735406373","Siemréab","Cambodia","Forest preservation"
"435","13.6317425804884","104.069283312222","274","0.0308329564537783","3.69016631383873","Siemréab","Cambodia","Forest preservation"
"482","13.6387037336296","104.074297304779","347","0.0628844277620068","3.02461828863217","Siemréab","Cambodia","Forest preservation"
"451","13.6353903361807","104.083720469874","312","0.031303907808641","2.95903566647511","Siemréab","Cambodia","Forest preservation"
"162","13.6331566506618","104.093832748069","298","0.0311653786207307","4.24765037661443","Siemréab","Cambodia","Forest preservation"
"492","13.6367489853578","104.126490374019","202","0.121243191497987","0.60253228337946","Siemréab","Cambodia","Forest preservation"
"624","13.6378571150477","104.140133675536","195","0.121647251896492","0.241660652456919","Siemréab","Cambodia","Forest preservation"
"616","13.6349499967604","104.150170826911","105","0.0436339962052795","0.988512451764851","Siemréab","Cambodia","Forest preservation"
"88","13.6344597026537","104.167460217945","100","0.00353213289979271","1.76402620866502","Siemréab","Cambodia","Forest preservation"
"478","13.639562188377","104.179621210005","94","0.00459369294162811","1.65950439639832","Siemréab","Cambodia","Forest preservation"
"13","13.6385718086165","104.192137050481","88","0.00323772691046879","1.2289940608932","Siemréab","Cambodia","Forest preservation"
"514","13.632999696127","104.195909245112","96","0.00490355301069705","1.2029159067188","Siemréab","Cambodia","Forest preservation"
"302","13.6439809220265","104.044328827861","232","0.127444702451027","4.58820723020367","Siemréab","Cambodia","Forest preservation"
"286","13.6454954781098","104.058775696242","385","0.0421598275214268","4.27044950869691","Siemréab","Cambodia","Forest preservation"
"695","13.6440270042854","104.068902198613","411","0.0301741480568985","2.61182001029385","Siemréab","Cambodia","Forest preservation"
"23","13.6484122625753","104.074332156667","411","0.0301741480568985","2.61182001029385","Siemréab","Cambodia","Forest preservation"
"72","13.6414288009925","104.081881049906","334","0.0457341796570921","2.85912097098942","Siemréab","Cambodia","Forest preservation"
"690","13.6469674319548","104.093522443115","334","0.0101952883093718","1.45076115328029","Siemréab","Cambodia","Forest preservation"
"457","13.6466098046381","104.102512937521","371","0.0630105255098194","5.79603614930653","Siemréab","Cambodia","Forest preservation"
"609","13.6451060852524","104.111958956056","421","0.109723849399562","0.360159283797187","Siemréab","Cambodia","Forest preservation"
"402","13.6488301057739","104.118998315423","262","0.158878903326584","0.896985767611941","Siemréab","Cambodia","Forest preservation"
"112","13.645603577038","104.129655822447","142","0.0950564323639071","0.87780858159512","Siemréab","Cambodia","Forest preservation"
"618","13.6432783219376","104.168833367031","100","0.00262526040034164","1.88602939878791","Siemréab","Cambodia","Forest preservation"
"245","13.6407501509027","104.192131313832","88","0.00323772691046879","1.2289940608932","Siemréab","Cambodia","Forest preservation"
"8","13.6512709182717","104.04876060729","227","0.128738422628862","4.59369765002193","Siemréab","Cambodia","Forest preservation"
"502","13.6498033647403","104.055094944079","322","0.0880304847968648","4.54873507208983","Siemréab","Cambodia","Forest preservation"
"64","13.6568814613073","104.071594766163","418","0.0170854754573372","2.20859431822509","Siemréab","Cambodia","Forest preservation"
"542","13.655558815224","104.073281587112","418","0.0170854754573372","2.20859431822509","Siemréab","Cambodia","Forest preservation"
"354","13.6554066468684","104.088094544103","387","0.0527085145630043","0.759604276702883","Siemréab","Cambodia","Forest preservation"
"517","13.6576864006908","104.096331639399","322","0.0951522541239038","0.604179629891908","Siemréab","Cambodia","Forest preservation"
"142","13.6525477686337","104.102971124606","256","0.120351842725793","0.192673007041722","Siemréab","Cambodia","Forest preservation"
"109","13.6572793899645","104.113787258144","228","0.132918479172918","0.325121852183539","Siemréab","Cambodia","Forest preservation"
"632","13.6562308385763","104.120646877827","164","0.104306583761966","0.720344416980701","Siemréab","Cambodia","Forest preservation"
"198","13.6612739723953","104.043369372595","243","0.122302175940727","4.35379327947945","Siemréab","Cambodia","Forest preservation"
"458","13.6623311198548","104.051790845328","366","0.083330147570907","4.41570743207037","Siemréab","Cambodia","Forest preservation"
"31","13.666152414456","104.054878821424","366","0.083330147570907","4.41570743207037","Siemréab","Cambodia","Forest preservation"
"356","13.6610083894073","104.063505754719","404","0.0288806138688334","4.41205876819718","Siemréab","Cambodia","Forest preservation"
"236","13.6631347685313","104.079271283263","369","0.101714308684305","0.843912845981169","Siemréab","Cambodia","Forest preservation"
"19","13.6650829732787","104.087666952518","278","0.123077166458546","0.58151784112133","Siemréab","Cambodia","Forest preservation"
"257","13.6635570158438","104.097557767096","202","0.116425098137409","0.543296514695695","Siemréab","Cambodia","Forest preservation"
"232","13.6583061652066","104.116974163881","164","0.104306583761966","0.720344416980701","Siemréab","Cambodia","Forest preservation"
"124","13.6711351191171","104.050952810951","378","0.0748321866570391","5.7430913289734","Siemréab","Cambodia","Forest preservation"
"480","13.6713862151667","104.056274609219","378","0.0748321866570391","5.7430913289734","Siemréab","Cambodia","Forest preservation"
"585","13.6708426203089","104.062906413712","410","0.112560686201726","6.25741957612464","Siemréab","Cambodia","Forest preservation"
"17","13.6749653797686","104.079417566571","246","0.146535880974241","0.648697881033573","Siemréab","Cambodia","Forest preservation"
"619","13.6688784761142","104.087542139923","160","0.103399411602953","0.600786084710486","Siemréab","Cambodia","Forest preservation"
"241","13.6774233681971","104.038140910864","148","0.105649879463455","5.31954714687411","Siemréab","Cambodia","Forest preservation"
"48","13.682134368488","104.047224444646","284","0.116103075117253","5.90821984946893","Siemréab","Cambodia","Forest preservation"
"41","13.6783393286197","104.057498540896","215","0.141588949021468","0.0847443682034839","Siemréab","Cambodia","Forest preservation"
"11","13.6785714176334","104.063521645456","191","0.156520768583579","0.075646808714563","Siemréab","Cambodia","Forest preservation"
"491","13.4245706750932","104.018237113511","31","0.00131151159830245","4.3968771927499","Siemréab","Cambodia","Non Forest"
"217","13.4278621383653","104.041820492165","37","0.00378060366090059","4.14405740963891","Siemréab","Cambodia","Non Forest"
"307","13.4303260511554","103.99392138318","26","0.00141936893287371","4.21415838873241","Siemréab","Cambodia","Non Forest"
"505","13.4371237632231","104.023163103044","31","0.00217583323658604","4.11665441720454","Siemréab","Cambodia","Non Forest"
"261","13.4382367195331","104.033641648512","35","0.00364266472762569","4.56287031845893","Siemréab","Cambodia","Non Forest"
"552","13.4414891345479","103.986412487518","27","0.00165127616669163","3.31018751179993","Siemréab","Cambodia","Non Forest"
"473","13.4472031684634","103.998890618366","30","0.00287891673995539","3.2864703242147","Siemréab","Cambodia","Non Forest"
"45","13.43911320474","104.001959412963","28","0.00140371803317439","3.65767293310937","Siemréab","Cambodia","Non Forest"
"489","13.4448975956001","104.128783245465","74","0.00482049851132669","2.10196425939337","Siemréab","Cambodia","Non Forest"
"522","13.4451576582269","104.214902848459","70","0.0026689129979253","2.8790341651915","Siemréab","Cambodia","Non Forest"
"699","13.4486328473239","103.989396144576","28","0.00283759083598772","3.43890126784226","Siemréab","Cambodia","Non Forest"
"114","13.4498022519777","103.998524567469","30","0.00287891673995539","3.2864703242147","Siemréab","Cambodia","Non Forest"
"516","13.4558020312176","104.003501433707","32","0.00234329586539675","2.96327156896264","Siemréab","Cambodia","Non Forest"
"178","13.4511512830437","104.011595267578","31","0.00240793875827341","3.43340957430326","Siemréab","Cambodia","Non Forest"
"681","13.4531872763331","104.118918769525","78","0.00332517812185459","4.71238898038469","Siemréab","Cambodia","Non Forest"
"306","13.4553185477366","104.132234101133","78","0.00345553316156526","2.06131960496253","Siemréab","Cambodia","Non Forest"
"218","13.4552071219384","104.171028688906","63","0.00468656599683448","2.96327156896264","Siemréab","Cambodia","Non Forest"
"682","13.4500068776886","104.177776122365","64","0.00454386327265502","3.72257429122911","Siemréab","Cambodia","Non Forest"
"495","13.4560569538221","104.190145131131","67","0.00404312965567801","3.49135784219526","Siemréab","Cambodia","Non Forest"
"430","13.4509175541515","104.205520989189","70","0.00378088372326975","4.14410471382897","Siemréab","Cambodia","Non Forest"
"621","13.4554919486006","104.240826179449","78","0.00276912513638374","2.94009763981768","Siemréab","Cambodia","Non Forest"
"529","13.4541407987047","104.244306285406","76","0.00321376260663722","2.10194906777097","Siemréab","Cambodia","Non Forest"
"569","13.4561988600303","104.26357227846","71","0.00265296105406615","2.04901816517399","Siemréab","Cambodia","Non Forest"
"636","13.4554353874675","104.278877040178","66","0.00306013250495688","1.65957244954072","Siemréab","Cambodia","Non Forest"
"408","13.4569434947009","104.281994788238","66","0.00306013250495688","1.65957244954072","Siemréab","Cambodia","Non Forest"
"378","13.4624656768527","103.998446702243","33","0.0101472457223446","1.86931128868407","Siemréab","Cambodia","Non Forest"
"149","13.4645507393867","104.001230016716","34","0.00165128101881875","3.31020477428372","Siemréab","Cambodia","Non Forest"
"272","13.463669896247","104.015237364419","34","0.00257942818192688","3.46974054565608","Siemréab","Cambodia","Non Forest"
"675","13.4651699813828","104.02692722187","38","0.00388928528685529","3.83770637614067","Siemréab","Cambodia","Non Forest"
"190","13.4569762194504","104.029247883955","35","0.00331093369989534","3.82017352815225","Siemréab","Cambodia","Non Forest"
"362","13.4606823482585","104.038464982543","40","0.00384001292951359","3.62981941559231","Siemréab","Cambodia","Non Forest"
"685","13.4628413729404","104.056391394529","43","0.0038992664710843","3.58210099790497","Siemréab","Cambodia","Non Forest"
"488","13.4629450925418","104.077081840413","45","0.0110864987609442","4.55264780548162","Siemréab","Cambodia","Non Forest"
"534","13.4648972282404","104.088710323407","61","0.0152705181948758","4.12914649777086","Siemréab","Cambodia","Non Forest"
"427","13.4622485718594","104.09831344754","70","0.00869767214338102","3.39931056869738","Siemréab","Cambodia","Non Forest"
"211","13.4572680653065","104.115740243328","72","0.00336916064293229","4.87414833438166","Siemréab","Cambodia","Non Forest"
"511","13.4621131381311","104.128989555669","75","0.00257942818192687","3.46974054565608","Siemréab","Cambodia","Non Forest"
"288","13.4601072863637","104.135667129506","76","0.00587410970513328","3.02338236841104","Siemréab","Cambodia","Non Forest"
"59","13.4661009803691","104.146922367506","76","0.0065553438157253","2.90695169077459","Siemréab","Cambodia","Non Forest"
"68","13.4615996624411","104.171649227147","68","0.00681950007790625","2.91620134401165","Siemréab","Cambodia","Non Forest"
"319","13.4610535454909","104.178756160843","69","0.0065345944823962","3.44297528890011","Siemréab","Cambodia","Non Forest"
"90","13.4626101534863","104.201473562088","71","0.00519326070872468","3.67318774287002","Siemréab","Cambodia","Non Forest"
"106","13.4605958267928","104.212741048991","77","0.00318360156019089","3.497209923916","Siemréab","Cambodia","Non Forest"
"165","13.4589257577725","104.218504733132","74","0.00255852687516728","4.08969117348175","Siemréab","Cambodia","Non Forest"
"338","13.4651981628809","104.226386566673","81","0.00325812385820257","4.50267563484759","Siemréab","Cambodia","Non Forest"
"608","13.4612810227962","104.238780926231","82","0.00137517735301443","2.20417842909849","Siemréab","Cambodia","Non Forest"
"623","13.4577194616707","104.247267136955","76","0.00321376260663722","2.10194906777097","Siemréab","Cambodia","Non Forest"
"660","13.4662948524607","104.252689198876","76","0.00340234282132626","2.11568552095262","Siemréab","Cambodia","Non Forest"
"415","13.4593944280469","104.265298258976","73","0.00388692450883991","2.04171324352464","Siemréab","Cambodia","Non Forest"
"52","13.4664619221792","104.275275478362","68","0.00310249364855754","2.34562268891615","Siemréab","Cambodia","Non Forest"
"555","13.4577422290601","104.283283598296","66","0.00306013250495688","1.65957244954072","Siemréab","Cambodia","Non Forest"
"591","13.466915615344","103.999827380671","34","0.00743316783766316","1.25534607859557","Siemréab","Cambodia","Non Forest"
"525","13.465858711019","104.001812030549","34","0.00165128101881875","3.31020477428372","Siemréab","Cambodia","Non Forest"
"343","13.473937486777","104.014298332847","36","0.00310974034389233","3.554209037907","Siemréab","Cambodia","Non Forest"
"670","13.4684269458325","104.024153005445","38","0.00333523810314488","3.76230444895022","Siemréab","Cambodia","Non Forest"
"400","13.4722401727972","104.037609852056","43","0.00369645035214791","3.83249390027554","Siemréab","Cambodia","Non Forest"
"183","13.4661059900921","104.041966244789","41","0.00408160607388443","3.59863533368772","Siemréab","Cambodia","Non Forest"
"262","13.4708004096515","104.051681881586","47","0.00421891456415556","3.51121592508293","Siemréab","Cambodia","Non Forest"
"335","13.4706683926159","104.063032474532","47","0.00489141235864093","3.19827663745897","Siemréab","Cambodia","Non Forest"
"401","13.4712466937919","104.077151688798","50","0.0178934707710355","4.22311040790066","Siemréab","Cambodia","Non Forest"
"638","13.4659981159665","104.086000818913","61","0.0152705181948758","4.12914649777086","Siemréab","Cambodia","Non Forest"
"188","13.4663606283016","104.102560534264","65","0.00175181678126837","2.45651375051853","Siemréab","Cambodia","Non Forest"
"311","13.4733835362572","104.109038654082","69","0.00408079971771281","3.9851046247332","Siemréab","Cambodia","Non Forest"
"422","13.469673346942","104.117655299158","75","0.00568423063897034","4.39693873218537","Siemréab","Cambodia","Non Forest"
"472","13.468183559304","104.122568567372","75","0.00568423063897034","4.39693873218537","Siemréab","Cambodia","Non Forest"
"459","13.4678285212051","104.133187789231","81","0.00668402959529343","4.08311318212735","Siemréab","Cambodia","Non Forest"
"679","13.469596185558","104.141266755407","85","0.00955058688017715","3.49722129157681","Siemréab","Cambodia","Non Forest"
"556","13.4690557122187","104.157068665109","80","0.0165577258595569","3.10811644643934","Siemréab","Cambodia","Non Forest"
"84","13.4717826767202","104.163919846622","78","0.0174663286968536","2.93386664310579","Siemréab","Cambodia","Non Forest"
"138","13.475051235661","104.173290756784","93","0.0660676832661161","2.62462815568851","Siemréab","Cambodia","Non Forest"
"77","13.4681112572625","104.178873325371","77","0.0088705534643071","3.03203553970137","Siemréab","Cambodia","Non Forest"
"263","13.4675891006577","104.186349283317","75","0.00570420115230516","3.0929925777561","Siemréab","Cambodia","Non Forest"
"250","13.4715505032098","104.232230358975","79","0.00116345901545829","3.93758002864455","Siemréab","Cambodia","Non Forest"
"445","13.469381021552","104.23977450228","80","0.00235089668898925","0.630300866024797","Siemréab","Cambodia","Non Forest"
"437","13.4694631177471","104.242710298785","78","0.00290864064848496","0.795987375054755","Siemréab","Cambodia","Non Forest"
"246","13.4725253033661","104.258809867356","74","0.00250877472564781","1.67915277413022","Siemréab","Cambodia","Non Forest"
"586","13.4674196831654","104.262841295215","74","0.00250877472564781","1.67915277413022","Siemréab","Cambodia","Non Forest"
"102","13.4771187135394","103.980239259752","32","0.00783191368952988","5.92151442613184","Siemréab","Cambodia","Non Forest"
"298","13.4773795907136","103.987781931837","33","0.0068784317132547","0.328169151389163","Siemréab","Cambodia","Non Forest"
"224","13.4755374435533","103.994323569187","37","0.000813932349548105","3.10862446895044e-15","Siemréab","Cambodia","Non Forest"
"510","13.4798002782279","104.007732840743","38","0.00252421126395493","3.86071781479164","Siemréab","Cambodia","Non Forest"
"330","13.4833344662203","104.014846984847","40","0.00214597728502691","4.02808063676183","Siemréab","Cambodia","Non Forest"
"462","13.4821723329324","104.022883904985","40","0.00292626781973711","3.8047039316854","Siemréab","Cambodia","Non Forest"
"629","13.4810306563419","104.032899711505","42","0.00388719863446819","3.98749179510494","Siemréab","Cambodia","Non Forest"
"1","13.4782763548961","104.048706518239","48","0.00448550435893666","3.8075680363781","Siemréab","Cambodia","Non Forest"
"566","13.4774576761659","104.087117593121","86","0.0177501290885879","4.37757537480992","Siemréab","Cambodia","Non Forest"
"176","13.4824275853939","104.099130471696","90","0.00704005812008987","2.23521335169714","Siemréab","Cambodia","Non Forest"
"50","13.4760918615166","104.103364126028","74","0.00988169809040711","2.08769916612733","Siemréab","Cambodia","Non Forest"
"94","13.484200904791","104.121000961193","89","0.0720810019207392","3.86774817140058","Siemréab","Cambodia","Non Forest"
"696","13.4781772555407","104.126030249199","81","0.0388705539861929","3.7266641813436","Siemréab","Cambodia","Non Forest"
"187","13.4753980472668","104.159461242206","109","0.0962627351839532","2.96707466057753","Siemréab","Cambodia","Non Forest"
"92","13.4794792280981","104.175714758274","85","0.025754193434137","2.53486683162067","Siemréab","Cambodia","Non Forest"
"119","13.4780819249119","104.183776191603","81","0.00953168885147381","2.95147147741566","Siemréab","Cambodia","Non Forest"
"83","13.4776579724899","104.191934927724","81","0.0112224084967804","3.54775875653","Siemréab","Cambodia","Non Forest"
"303","13.4807954867741","104.232246071721","81","0.00508739837662786","2.23101483237976","Siemréab","Cambodia","Non Forest"
"515","13.4763252634429","104.254644614955","74","0.00291925016317286","0.862464323090029","Siemréab","Cambodia","Non Forest"
"560","13.4927905083154","103.980721144521","38","0.00156752369597651","4.06163296808109","Siemréab","Cambodia","Non Forest"
"248","13.4854841602576","103.982552978136","37","0.0026689443135028","3.40419479540987","Siemréab","Cambodia","Non Forest"
"12","13.4872961346367","103.994489945084","36","0.00241057532476665","4.18129710100118","Siemréab","Cambodia","Non Forest"
"465","13.4870249828382","104.006455494496","39","0.00228516982717814","4.28384928896109","Siemréab","Cambodia","Non Forest"
"256","13.4879035991759","104.015999406314","40","0.00214597728502691","4.02808063676183","Siemréab","Cambodia","Non Forest"
"76","13.486691399674","104.026875740262","45","0.00409885178747808","4.03235472845674","Siemréab","Cambodia","Non Forest"
"421","13.4905005968948","104.029512881368","45","0.00409885178747808","4.03235472845674","Siemréab","Cambodia","Non Forest"
"53","13.4930962199105","104.091683233884","90","0.00376279589287988","1.27822761234762","Siemréab","Cambodia","Non Forest"
"15","13.4893829123598","104.100679914586","79","0.00752098964746064","2.16413686298927","Siemréab","Cambodia","Non Forest"
"326","13.4924544981186","104.103668816918","82","0.00798068262447732","3.59061158206221","Siemréab","Cambodia","Non Forest"
"159","13.4860024811136","104.118036765678","89","0.0720810019207392","3.86774817140058","Siemréab","Cambodia","Non Forest"
"345","13.4916576669304","104.236675349168","76","0.00377192174629859","1.97752613142329","Siemréab","Cambodia","Non Forest"
"582","13.4903123270694","104.248310161043","77","0.00278851882691565","2.13545187955969","Siemréab","Cambodia","Non Forest"
"493","13.4992501972545","103.995559656331","38","0.00273425707156651","3.79534017149616","Siemréab","Cambodia","Non Forest"
"254","13.4938679030579","104.002995233804","40","0.00290879603262422","3.93763232680205","Siemréab","Cambodia","Non Forest"
"160","13.4994012730054","104.019061929249","44","0.00352022490076661","4.04800582348517","Siemréab","Cambodia","Non Forest"
"177","13.4962545429409","104.027589139204","47","0.00378135177923403","4.14418375241955","Siemréab","Cambodia","Non Forest"
"98","13.4965663512688","104.030945639833","47","0.00378135177923403","4.14418375241955","Siemréab","Cambodia","Non Forest"
"530","13.4950358526898","104.072721166719","68","0.0143535711599735","3.88358097569094","Siemréab","Cambodia","Non Forest"
"394","13.4935027624187","104.081536455229","78","0.0124845311276577","4.12507018138242","Siemréab","Cambodia","Non Forest"
"350","13.4993114884654","104.084511069384","91","0.00654809589791819","4.60862046383931","Siemréab","Cambodia","Non Forest"
"548","13.4972496977573","104.094314894534","90","0.00376279589287988","1.27822761234762","Siemréab","Cambodia","Non Forest"
"144","13.4957017089855","104.109355293304","88","0.0642104940373872","4.01610900836028","Siemréab","Cambodia","Non Forest"
"450","13.495160564112","104.112015604556","88","0.0642104940373872","4.01610900836028","Siemréab","Cambodia","Non Forest"
"28","13.4952680637896","104.231088236023","82","0.0093996113472098","1.33778800240243","Siemréab","Cambodia","Non Forest"
"239","13.4955021490032","104.238587029544","80","0.00246852489429447","1.11560802998261","Siemréab","Cambodia","Non Forest"
"167","13.4975539572199","104.248210627066","79","0.00192491662987549","1.93089498962404","Siemréab","Cambodia","Non Forest"
"442","13.4965802053033","104.257138640163","74","0.00329820910510409","2.40436898628746","Siemréab","Cambodia","Non Forest"
"105","13.5066665169708","103.988471186942","38","0.00275066110854003","4.07909006068411","Siemréab","Cambodia","Non Forest"
"463","13.5067703529611","103.99733469444","41","0.00378993795248915","3.67899439307584","Siemréab","Cambodia","Non Forest"
"126","13.5107250736895","104.006459222972","43","0.00121862117075547","3.61383659057157","Siemréab","Cambodia","Non Forest"
"108","13.5077180746698","104.016055374174","44","0.00329669164092059","3.93764978186172","Siemréab","Cambodia","Non Forest"
"387","13.504408550623","104.028114918671","49","0.00359186658663831","4.1552722034238","Siemréab","Cambodia","Non Forest"
"268","13.5074314816758","104.036678527488","51","0.00407291119763209","4.22729457521793","Siemréab","Cambodia","Non Forest"
"133","13.5094867413583","104.043667756438","57","0.00346722649826433","4.67325409519701","Siemréab","Cambodia","Non Forest"
"654","13.5067326905688","104.05021322913","59","0.00475344768089854","4.27003106260332","Siemréab","Cambodia","Non Forest"
"540","13.5061539286624","104.070723974348","87","0.00776498576556388","4.74733567947415","Siemréab","Cambodia","Non Forest"
"296","13.50448767867","104.076688688867","80","0.00624502423967069","5.39385782350369","Siemréab","Cambodia","Non Forest"
"191","13.5052282144709","104.08427200151","88","0.00707101940089297","5.79350171421202","Siemréab","Cambodia","Non Forest"
"7","13.5108527411948","104.101791260931","85","0.0661549729154286","4.42164932439484","Siemréab","Cambodia","Non Forest"
"228","13.5044784820706","104.107555396196","87","0.0313368477865203","4.2455534599024","Siemréab","Cambodia","Non Forest"
"527","13.5094176875817","104.222369311182","85","0.0214317373797952","1.92631591842123","Siemréab","Cambodia","Non Forest"
"328","13.5032042235042","104.229957237657","78","0.00670128436461933","1.44903834022106","Siemréab","Cambodia","Non Forest"
"253","13.5061102598294","104.236330673536","76","0.00203646404434077","2.05589073196166","Siemréab","Cambodia","Non Forest"
"34","13.5096745787082","104.250496980635","81","0.00176895543231924","3.06317042271682","Siemréab","Cambodia","Non Forest"
"197","13.5044439345119","104.252987491068","79","0.00240798045421831","2.84971809450809","Siemréab","Cambodia","Non Forest"
"46","13.511806859126","103.998186880104","48","0.00246866401696461","4.25722826780832","Siemréab","Cambodia","Non Forest"
"622","13.5114763259868","104.0052842672","43","0.00121862117075547","3.61383659057157","Siemréab","Cambodia","Non Forest"
"485","13.51701639049","104.01820164888","49","0.00407313401033381","4.22732340945571","Siemréab","Cambodia","Non Forest"
"231","13.5130936372832","104.027587051672","50","0.00327050142778253","4.23859947161942","Siemréab","Cambodia","Non Forest"
"329","13.5112484678062","104.033874231076","54","0.00332584938744653","4.42284379564443","Siemréab","Cambodia","Non Forest"
"104","13.5138113710534","104.043174477262","57","0.00346722649826433","4.67325409519701","Siemréab","Cambodia","Non Forest"
"686","13.512449381481","104.075683295032","70","0.00564147168271049","5.59039550491061","Siemréab","Cambodia","Non Forest"
"381","13.5141655264921","104.092479094674","78","0.00464392622969536","5.10190962128522","Siemréab","Cambodia","Non Forest"
"425","13.5135768085903","104.097110063167","78","0.00464392622969536","5.10190962128522","Siemréab","Cambodia","Non Forest"
"428","13.5126834753295","104.219919728982","85","0.0214317373797952","1.92631591842123","Siemréab","Cambodia","Non Forest"
"355","13.5196830467719","104.225320109823","86","0.0174526359834556","2.38994784350463","Siemréab","Cambodia","Non Forest"
"414","13.514055526332","104.241631077326","83","0.00427571070678004","2.43633270055139","Siemréab","Cambodia","Non Forest"
"14","13.5166696424626","104.244414564396","80","0.00155939688578609","2.4701572405583","Siemréab","Cambodia","Non Forest"
"234","13.5193972535312","104.255793939132","82","0.000874671764317898","1.88618480847114","Siemréab","Cambodia","Non Forest"
"521","13.5239968203565","103.99911236149","43","0.00213323405732857","5.48709323527315","Siemréab","Cambodia","Non Forest"
"131","13.5263382284566","104.005304611898","42","0.00223402203127908","4.59064363831786","Siemréab","Cambodia","Non Forest"
"615","13.5245879652093","104.015845497501","46","0.00360327943313873","4.71238898038469","Siemréab","Cambodia","Non Forest"
"626","13.5251561635658","104.02309181537","53","0.00624093764909912","4.18887061966935","Siemréab","Cambodia","Non Forest"
"341","13.5276466988158","104.034084745732","58","0.0044730982014269","3.48937992503067","Siemréab","Cambodia","Non Forest"
"146","13.5227148521744","104.03975902501","53","0.00310288065025167","3.93768472549623","Siemréab","Cambodia","Non Forest"
"413","13.5239278460118","104.050712253716","58","0.00549280213230558","4.22396220434184","Siemréab","Cambodia","Non Forest"
"22","13.5284464168814","104.082412019684","94","0.0104904207835254","3.32761646682357","Siemréab","Cambodia","Non Forest"
"528","13.5262934514276","104.221897112982","150","0.133616099815965","2.49023293424163","Siemréab","Cambodia","Non Forest"
"337","13.5259469196866","104.231830759518","97","0.0737439390313162","2.37960769816781","Siemréab","Cambodia","Non Forest"
"645","13.5222031805854","104.245170304863","80","0.00155939688578609","2.4701572405583","Siemréab","Cambodia","Non Forest"
"365","13.5277321420206","104.257957082515","81","0.00153054666734105","1.48204793462538","Siemréab","Cambodia","Non Forest"
"170","13.5340620084762","103.999427014628","44","0.00272722534233412","3.03977680710477","Siemréab","Cambodia","Non Forest"
"557","13.5296918527686","104.002459826283","42","0.00223402203127908","4.59064363831786","Siemréab","Cambodia","Non Forest"
"305","13.5300443748948","104.013088405949","45","0.00560727015278311","4.44302570208975","Siemréab","Cambodia","Non Forest"
"295","13.5333701793991","104.023122000162","55","0.00710966322608701","4.30012761826989","Siemréab","Cambodia","Non Forest"
"358","13.5345929370242","104.032538524451","60","0.00523569748626605","3.90067870398108","Siemréab","Cambodia","Non Forest"
"545","13.5360244763926","104.048094682134","62","0.00408280214595805","3.8425965232648","Siemréab","Cambodia","Non Forest"
"698","13.5327413878149","104.074676705786","80","0.0158411251663293","4.04807368811558","Siemréab","Cambodia","Non Forest"
"349","13.5316532584249","104.081942840302","94","0.0104904207835254","3.32761646682357","Siemréab","Cambodia","Non Forest"
"546","13.5302107078813","104.089301649083","86","0.0100534583261309","3.08642406553095","Siemréab","Cambodia","Non Forest"
"275","13.5304384172321","104.09482836384","89","0.0730592006660045","4.23894202964995","Siemréab","Cambodia","Non Forest"
"174","13.5364948718144","104.231003619835","166","0.135934436409284","2.20322900802148","Siemréab","Cambodia","Non Forest"
"614","13.5319654084306","104.234586289214","86","0.0213668256678894","2.21811773332549","Siemréab","Cambodia","Non Forest"
"513","13.5329339162082","104.249251021465","81","0.00272050100264491","1.98112645441846","Siemréab","Cambodia","Non Forest"
"497","13.5327885096246","104.254804397343","81","0.00153054666734105","1.48204793462538","Siemréab","Cambodia","Non Forest"
"385","13.542842123385","104.002307047451","49","0.00429375681958854","3.80184705266918","Siemréab","Cambodia","Non Forest"
"16","13.541222558328","104.080851131575","101","0.00659247347712899","3.90830463856459","Siemréab","Cambodia","Non Forest"
"665","13.5398071081498","104.08693162959","87","0.0419520943038132","3.79870059714069","Siemréab","Cambodia","Non Forest"
"677","13.5426859542618","104.234655680812","103","0.0804783776440755","1.62632996205381","Siemréab","Cambodia","Non Forest"
"89","13.5397694000199","104.24861824126","81","0.00664951263245457","1.92496270446762","Siemréab","Cambodia","Non Forest"
"107","13.5505844341812","103.998117944432","47","0.00350416208586176","3.82685988112312","Siemréab","Cambodia","Non Forest"
"551","13.5553831014123","104.057447226959","70","0.00596501137073975","3.35227640498962","Siemréab","Cambodia","Non Forest"
"308","13.5493435471473","104.07425128137","85","0.0113176719810004","5.11902987025993","Siemréab","Cambodia","Non Forest"
"406","13.5485378253767","104.080536939071","93","0.0352964302373725","4.21586339988165","Siemréab","Cambodia","Non Forest"
"659","13.5535327254333","104.231610502719","193","0.148185403051245","1.49621105960126","Siemréab","Cambodia","Non Forest"
"136","13.5498493946926","104.237434448757","103","0.0804783776440755","1.62632996205381","Siemréab","Cambodia","Non Forest"
"125","13.5532276408483","104.247530104752","81","0.0119227830569211","1.54803977717168","Siemréab","Cambodia","Non Forest"
"539","13.5558538293413","104.252127415216","76","0.00407358054875848","1.08578853168188","Siemréab","Cambodia","Non Forest"
"352","13.5655419967003","104.059400869772","80","0.0220862341582497","3.65304707828979","Siemréab","Cambodia","Non Forest"
"54","13.5636081810431","104.066611501076","80","0.0220862341582497","3.65304707828979","Siemréab","Cambodia","Non Forest"
"99","13.5600080972969","104.240551887251","106","0.105106885160214","1.98081314716817","Siemréab","Cambodia","Non Forest"
"518","13.5587072246956","104.249936098859","81","0.0236529167483825","2.00269432400153","Siemréab","Cambodia","Non Forest"
"625","13.5616609407121","104.255911440912","76","0.00555107892608977","1.6196906391799","Siemréab","Cambodia","Non Forest"
"439","13.5578780705662","104.27803915495","67","0.00376445233697464","1.67911520396846","Siemréab","Cambodia","Non Forest"
"628","13.5730470993573","104.04007088609","83","0.00989120335048747","3.93778982457408","Siemréab","Cambodia","Non Forest"
"600","13.5730362598555","104.053317524485","90","0.0278844059836488","3.75603541605577","Siemréab","Cambodia","Non Forest"
"301","13.5738298795205","104.064716635443","96","0.0769513935905277","3.76338037290103","Siemréab","Cambodia","Non Forest"
"460","13.5666674218363","104.068709192852","155","0.120464709385067","3.88650789060874","Siemréab","Cambodia","Non Forest"
"32","13.570423799731","104.231315587579","373","0.165130275294396","1.89128210143844","Siemréab","Cambodia","Non Forest"
"255","13.5707031282098","104.23735653596","154","0.139285044814831","1.7952317323579","Siemréab","Cambodia","Non Forest"
"35","13.5742641928324","104.246110863364","87","0.0386114307224961","1.79027349425296","Siemréab","Cambodia","Non Forest"
"33","13.5699174563256","104.264368064793","70","0.00329867881265159","0.737380473017667","Siemréab","Cambodia","Non Forest"
"181","13.5819961820271","104.001057384559","58","0.00581464607617027","4.17341792064789","Siemréab","Cambodia","Non Forest"
"6","13.5782240403845","104.023129944637","74","0.0094069577870443","4.06180174382131","Siemréab","Cambodia","Non Forest"
"565","13.5756979315015","104.056503865671","97","0.0659196715958236","4.05853144092137","Siemréab","Cambodia","Non Forest"
"669","13.5830507952017","104.24513109943","89","0.0395057312423288","1.30335324480375","Siemréab","Cambodia","Non Forest"
"148","13.5794092168262","104.265878383878","71","0.00255935376041339","2.19326218130718","Siemréab","Cambodia","Non Forest"
"399","13.5811240959787","104.286741918002","60","0.00391000942269319","0.646881698995582","Siemréab","Cambodia","Non Forest"
"574","13.5854346013439","103.980589086184","59","0.0228778937455376","3.91239865814642","Siemréab","Cambodia","Non Forest"
"113","13.5926413113559","103.986933971445","131","0.00319613321085604","0.21861097471585","Siemréab","Cambodia","Non Forest"
"377","13.5837494573688","103.999342344509","66","0.0181811023085857","2.49522306106014","Siemréab","Cambodia","Non Forest"
"476","13.5852911186459","104.013359665713","70","0.0132364609885293","4.17441065737889","Siemréab","Cambodia","Non Forest"
"549","13.5899001245558","104.027213262467","88","0.0105317867456005","3.80858512786751","Siemréab","Cambodia","Non Forest"
"70","13.5919656883963","104.035886491219","96","0.0320138894985301","4.40246311109396","Siemréab","Cambodia","Non Forest"
"38","13.5893350944863","104.042117439644","110","0.047306722127801","3.95011325050654","Siemréab","Cambodia","Non Forest"
"553","13.588306357587","104.050266388512","137","0.094318928871778","4.0838814550216","Siemréab","Cambodia","Non Forest"
"676","13.5875116825342","104.231341234723","198","0.159781417969886","0.644033581670153","Siemréab","Cambodia","Non Forest"
"284","13.5847538535109","104.234916992752","102","0.0944713264951369","0.896679687007305","Siemréab","Cambodia","Non Forest"
"524","13.5930190878295","104.24913706473","71","0.00813816495113903","1.26606577691645","Siemréab","Cambodia","Non Forest"
"504","13.5852900357949","104.280886339308","64","0.00393700161173026","1.88610209989456","Siemréab","Cambodia","Non Forest"
"184","13.5847997496383","104.289322382967","59","0.00629525590376963","3.27410371800507","Siemréab","Cambodia","Non Forest"
"25","13.5927263470013","103.982344154095","80","0.0251694509819335","4.79330545913219","Siemréab","Cambodia","Non Forest"
"561","13.59443141765","104.002226831986","69","0.00777641621889494","3.98773512678282","Siemréab","Cambodia","Non Forest"
"580","13.6013706469868","104.027988211437","86","0.00768091870748934","5.7947119671157","Siemréab","Cambodia","Non Forest"
"155","13.6016727238421","104.035503027337","84","0.0545068744312192","4.56013645693012","Siemréab","Cambodia","Non Forest"
"388","13.5950474422221","104.040519023631","96","0.0320138894985301","4.40246311109396","Siemréab","Cambodia","Non Forest"
"577","13.5967278487038","104.236804807797","76","0.0324158293491647","0.826154585830698","Siemréab","Cambodia","Non Forest"
"163","13.6005505614919","104.266270345004","67","0.00454472594588711","2.56032197030547","Siemréab","Cambodia","Non Forest"
"320","13.606363314684","103.996828339986","64","0.0132112601134125","0.222181379221531","Siemréab","Cambodia","Non Forest"
"470","13.6056964288703","104.035391859883","84","0.0545068744312192","4.56013645693012","Siemréab","Cambodia","Non Forest"
"404","13.610016604605","104.040352417956","124","0.0504431066013439","5.10095984361803","Siemréab","Cambodia","Non Forest"
"663","13.6165087166251","104.016833793609","77","0.0103841493771072","0.201625478603435","Siemréab","Cambodia","Non Forest"
"196","13.6120502014657","104.021438666885","77","0.0103841493771072","0.201625478603435","Siemréab","Cambodia","Non Forest"
"115","13.6178723354834","104.03425146189","73","0.0238404493305252","4.32133077618144","Siemréab","Cambodia","Non Forest"
"520","13.6283371228178","103.99911871484","60","0.00374969219558516","2.55365138958883","Siemréab","Cambodia","Non Forest"
"281","13.6247353402859","104.000209094398","60","0.0076116725424357","5.25553143084368","Siemréab","Cambodia","Non Forest"
"49","13.6356021571679","104.015982841952","69","0.0399413503414646","4.80417088374516","Siemréab","Cambodia","Non Forest"
"300","13.4269138556182","104.064078035944","43","0.00397057076137597","4.13404183333172","Siemréab","Cambodia","Sustainable forest"
"332","13.4280939703729","104.067819645475","46","0.00439420100548052","4.15989530234578","Siemréab","Cambodia","Sustainable forest"
"563","13.4355651407645","104.068174492833","48","0.00431905096657856","4.25710440772303","Siemréab","Cambodia","Sustainable forest"
"692","13.4411010476979","104.082661730863","52","0.00371246816545038","4.04213435481746","Siemréab","Cambodia","Sustainable forest"
"235","13.4456888030799","104.090552627383","57","0.0035912354046994","4.15516271312767","Siemréab","Cambodia","Sustainable forest"
"179","13.4932281442258","104.136883664125","411","0.116838286461329","3.53539690683421","Siemréab","Cambodia","Sustainable forest"
"653","13.4907500354041","104.142029805813","270","0.163167745988641","3.23769338993153","Siemréab","Cambodia","Sustainable forest"
"293","13.5006425036995","104.130082361755","398","0.091775483120196","4.18234435740994","Siemréab","Cambodia","Sustainable forest"
"230","13.4968936581712","104.143148468634","410","0.0733752731611817","3.05854970032315","Siemréab","Cambodia","Sustainable forest"
"683","13.4999096729424","104.157443343164","380","0.0562162737731643","2.64634917411352","Siemréab","Cambodia","Sustainable forest"
"153","13.5031315868411","104.16811601626","261","0.124579638965518","2.14446410296293","Siemréab","Cambodia","Sustainable forest"
"73","13.4958199477021","104.168857956799","175","0.119932625513006","1.89263657544757","Siemréab","Cambodia","Sustainable forest"
"209","13.5108670721591","104.12277530591","332","0.112291685561767","4.47560116084095","Siemréab","Cambodia","Sustainable forest"
"532","13.5077426193341","104.149672560574","389","0.0299140196243409","1.1604278298372","Siemréab","Cambodia","Sustainable forest"
"233","13.5094597023347","104.159161924299","355","0.0182252525683613","2.83257469335584","Siemréab","Cambodia","Sustainable forest"
"494","13.5064934727431","104.164784351668","347","0.0610146548715143","2.03594338691974","Siemréab","Cambodia","Sustainable forest"
"259","13.5066683442954","104.171182072626","261","0.124579638965518","2.14446410296293","Siemréab","Cambodia","Sustainable forest"
"643","13.518443649236","104.048892153774","55","0.00383011616357191","4.19357456275325","Siemréab","Cambodia","Sustainable forest"
"317","13.518187536159","104.118565034689","331","0.0774585111096346","4.5135775091404","Siemréab","Cambodia","Sustainable forest"
"242","13.5188213936998","104.125757013086","387","0.0474924995876181","4.63811132256978","Siemréab","Cambodia","Sustainable forest"
"467","13.5169278090125","104.140476182128","413","0.00825628180339896","2.97294011760871","Siemréab","Cambodia","Sustainable forest"
"587","13.5161344965562","104.141144817487","414","0.00472397153802397","1.21898990708409","Siemréab","Cambodia","Sustainable forest"
"475","13.5131307505437","104.151633500121","345","0.0165345879105633","1.27099603549369","Siemréab","Cambodia","Sustainable forest"
"429","13.51909459174","104.165954080288","362","0.0152799493311744","4.56089589113033","Siemréab","Cambodia","Sustainable forest"
"468","13.5140572538523","104.177892574025","224","0.124706603446282","2.78826232216366","Siemréab","Cambodia","Sustainable forest"
"243","13.5194578387288","104.180613101911","375","0.0657889631616283","3.08898043515132","Siemréab","Cambodia","Sustainable forest"
"419","13.5272918899095","104.103323168483","220","0.129761551450241","4.21616049265361","Siemréab","Cambodia","Sustainable forest"
"537","13.5251848393111","104.109712887678","304","0.093235980450311","4.14233314926836","Siemréab","Cambodia","Sustainable forest"
"210","13.524491867425","104.143928336425","380","0.0420819902552813","1.79827169003883","Siemréab","Cambodia","Sustainable forest"
"447","13.529482083946","104.155300790997","350","0.0214297814944394","1.42470423371807","Siemréab","Cambodia","Sustainable forest"
"336","13.5302861449199","104.191308230427","386","0.0151511872791904","5.68021446779565","Siemréab","Cambodia","Sustainable forest"
"650","13.538158860601","103.985731473464","45","0.00203954317822263","3.07358493758909","Siemréab","Cambodia","Sustainable forest"
"613","13.536061796768","104.099466967118","107","0.120046031342352","4.10567670680573","Siemréab","Cambodia","Sustainable forest"
"251","13.5352412962473","104.149546491788","363","0.0395152871399144","0.578630256344149","Siemréab","Cambodia","Sustainable forest"
"229","13.5347742578773","104.161520371694","334","0.0105309384723007","5.61629515039473","Siemréab","Cambodia","Sustainable forest"
"469","13.5353390441584","104.171044036281","350","0.0178091170012588","5.11960221707148","Siemréab","Cambodia","Sustainable forest"
"581","13.5371134089586","104.186708127664","370","0.0142752657535261","4.70288665304695","Siemréab","Cambodia","Sustainable forest"
"436","13.5350153974197","104.193268073738","393","0.0159283694820159","4.08430542332347","Siemréab","Cambodia","Sustainable forest"
"287","13.5321748684873","104.202808747407","354","0.114126035323111","2.43016052914656","Siemréab","Cambodia","Sustainable forest"
"646","13.5445501940131","103.980244055473","46","0.00203954350816101","3.20960274459825","Siemréab","Cambodia","Sustainable forest"
"292","13.5487389461581","103.985567018139","46","0.00176895695233231","3.06315948894597","Siemréab","Cambodia","Sustainable forest"
"680","13.5473556754239","103.999611861162","46","0.00250191766340582","3.53982502707427","Siemréab","Cambodia","Sustainable forest"
"599","13.5490027374803","104.157033039549","328","0.0110929034836339","6.14531253598713","Siemréab","Cambodia","Sustainable forest"
"283","13.5435750119172","104.161736634781","340","0.0106584517675141","4.86571319720279","Siemréab","Cambodia","Sustainable forest"
"592","13.5451307793998","104.168896205612","357","0.0145680635142598","4.75896170208686","Siemréab","Cambodia","Sustainable forest"
"116","13.5468575373625","104.179424221067","373","0.0165862255813194","4.81890493115226","Siemréab","Cambodia","Sustainable forest"
"605","13.5451851883506","104.191424882196","395","0.0138200930942111","5.05263214374575","Siemréab","Cambodia","Sustainable forest"
"172","13.5421651573943","104.197268026177","398","0.019774876826762","5.50664980101084","Siemréab","Cambodia","Sustainable forest"
"455","13.5426607838389","104.212055044601","394","0.0298862813398392","1.17482488250958","Siemréab","Cambodia","Sustainable forest"
"386","13.5489777969934","104.218281289585","375","0.0908635155873432","1.67221168613484","Siemréab","Cambodia","Sustainable forest"
"701","13.5492217393375","104.225145652404","274","0.143735908736623","1.66089647935906","Siemréab","Cambodia","Sustainable forest"
"410","13.554647117273","103.991267345312","48","0.00218811466508483","3.01456004439229","Siemréab","Cambodia","Sustainable forest"
"86","13.5565613322334","103.999651113557","47","0.00350416208586176","3.82685988112312","Siemréab","Cambodia","Sustainable forest"
"639","13.5516761852747","104.003406024394","51","0.00659269585886487","3.90833965525957","Siemréab","Cambodia","Sustainable forest"
"279","13.5538168317014","104.018357245402","59","0.00761996318649952","4.03971440054187","Siemréab","Cambodia","Sustainable forest"
"78","13.5506495074463","104.147507582674","322","0.00568670673605272","2.51675051160494","Siemréab","Cambodia","Sustainable forest"
"564","13.5527610833115","104.167044680583","343","0.0121156620011719","4.89249961502314","Siemréab","Cambodia","Sustainable forest"
"610","13.5509611462604","104.178676060016","358","0.0141625064684311","5.47333265069903","Siemréab","Cambodia","Sustainable forest"
"631","13.5568483516085","104.192478786203","368","0.026019152909236","6.03567266594874","Siemréab","Cambodia","Sustainable forest"
"446","13.5510835134181","104.20499544232","372","0.0214578411561002","6.08160808824393","Siemréab","Cambodia","Sustainable forest"
"500","13.5653482062381","103.999082639777","49","0.0048558091815416","3.85782345545432","Siemréab","Cambodia","Sustainable forest"
"265","13.559950102037","104.018094403494","65","0.00776703261411869","3.8628090000787","Siemréab","Cambodia","Sustainable forest"
"393","13.5617651056086","104.132576979681","334","0.0202331717641685","3.18955980151828","Siemréab","Cambodia","Sustainable forest"
"37","13.5672545743292","104.158515296008","335","0.0147151531732005","3.04725915178059","Siemréab","Cambodia","Sustainable forest"
"139","13.5656311104295","104.166997220663","362","0.0188845652559622","4.25085962326318","Siemréab","Cambodia","Sustainable forest"
"416","13.5665159666975","104.169245257118","362","0.0188845652559622","4.25085962326318","Siemréab","Cambodia","Sustainable forest"
"278","13.5595301660408","104.178575324589","356","0.0156575837340675","3.4195714210055","Siemréab","Cambodia","Sustainable forest"
"382","13.559171681077","104.208496132764","387","0.0264821813185121","3.43353475075759","Siemréab","Cambodia","Sustainable forest"
"603","13.5657635834456","104.222232536888","376","0.0895417605039413","2.18052880675623","Siemréab","Cambodia","Sustainable forest"
"222","13.5671765567241","104.011793126714","65","0.00649386009745632","4.30425140343515","Siemréab","Cambodia","Sustainable forest"
"448","13.5727056570556","104.072947806941","155","0.120464709385067","3.88650789060874","Siemréab","Cambodia","Sustainable forest"
"24","13.5695461790487","104.098063993749","320","0.0196979454486605","1.52946922678443","Siemréab","Cambodia","Sustainable forest"
"444","13.5708533123574","104.135610551491","357","0.0206407186346528","3.42749203069277","Siemréab","Cambodia","Sustainable forest"
"269","13.5751913954141","104.148763489115","378","0.0101183102121158","3.5651326378296","Siemréab","Cambodia","Sustainable forest"
"359","13.5710363608759","104.165220689614","335","0.0147151531732005","3.04725915178059","Siemréab","Cambodia","Sustainable forest"
"602","13.5684028924761","104.170407497535","361","0.0191776951528851","4.49133831795749","Siemréab","Cambodia","Sustainable forest"
"297","13.5692215913647","104.181662624814","393","0.0182536680583444","4.13016453395062","Siemréab","Cambodia","Sustainable forest"
"82","13.5744693304711","104.190061544482","389","0.02529256046402","3.01523062987849","Siemréab","Cambodia","Sustainable forest"
"596","13.5708657484169","104.200040604223","386","0.0449837765353992","3.81688057187718","Siemréab","Cambodia","Sustainable forest"
"47","13.5699754869042","104.214964215211","417","0.0477427975846336","3.57258743913545","Siemréab","Cambodia","Sustainable forest"
"523","13.5840010258078","104.090620851215","259","0.0234502377052946","6.13488071315137","Siemréab","Cambodia","Sustainable forest"
"120","13.5802278100918","104.098879452932","326","0.0462267356264093","0.377484345510315","Siemréab","Cambodia","Sustainable forest"
"503","13.5822480382944","104.117589858057","325","0.0333392288663008","4.85934502707857","Siemréab","Cambodia","Sustainable forest"
"466","13.5799482867498","104.133922579287","379","0.0131001673163959","4.81612142497942","Siemréab","Cambodia","Sustainable forest"
"433","13.5772949268349","104.146695513829","378","0.0101183102121158","3.5651326378296","Siemréab","Cambodia","Sustainable forest"
"240","13.582437160053","104.151479157851","376","0.0158430193849561","2.70819987540562","Siemréab","Cambodia","Sustainable forest"
"132","13.5840382804545","104.16000047465","375","0.00359340165713486","4.44495485491637","Siemréab","Cambodia","Sustainable forest"
"568","13.5852230383154","104.173351981042","396","0.0170316900629312","3.49044583967373","Siemréab","Cambodia","Sustainable forest"
"512","13.5835981634119","104.183293070249","373","0.0221916295877526","1.53411666707","Siemréab","Cambodia","Sustainable forest"
"63","13.5824157878054","104.19740586496","400","0.0179388986304926","0.061852549982121","Siemréab","Cambodia","Sustainable forest"
"558","13.5803611746061","104.210074005572","468","0.0675804575682656","6.09362742301538","Siemréab","Cambodia","Sustainable forest"
"127","13.5890046267154","104.093874115388","230","0.00668305722044497","0.103900665978435","Siemréab","Cambodia","Sustainable forest"
"252","13.5940676785719","104.113124177009","341","0.0415047148662119","3.63924883618059","Siemréab","Cambodia","Sustainable forest"
"316","13.5903177171486","104.123999508279","321","0.0192409918824004","3.84700832429337","Siemréab","Cambodia","Sustainable forest"
"342","13.5942971345091","104.133406360409","332","0.00874307131602547","4.75895190676744","Siemréab","Cambodia","Sustainable forest"
"26","13.5869200085225","104.145591222218","386","0.0197297931439728","5.69481693832542","Siemréab","Cambodia","Sustainable forest"
"384","13.5926344336858","104.15557376559","356","0.0128786930103339","5.39647427748196","Siemréab","Cambodia","Sustainable forest"
"29","13.5908426414429","104.164874188898","375","0.00359340165713486","4.44495485491637","Siemréab","Cambodia","Sustainable forest"
"656","13.588259681491","104.175329172136","373","0.0221916295877526","1.53411666707","Siemréab","Cambodia","Sustainable forest"
"668","13.5937238280171","104.181163115561","422","0.0913619239381477","0.73058817807727","Siemréab","Cambodia","Sustainable forest"
"559","13.5997385453844","104.113908455403","341","0.0415047148662119","3.63924883618059","Siemréab","Cambodia","Sustainable forest"
"151","13.6034866507079","104.125965727786","371","0.0269326042484256","2.66002692604116","Siemréab","Cambodia","Sustainable forest"
"128","13.599377020443","104.133013313953","335","0.0187432960848854","2.84127939938491","Siemréab","Cambodia","Sustainable forest"
"407","13.5952600775162","104.144372788078","351","0.0186224011325828","5.53901828050485","Siemréab","Cambodia","Sustainable forest"
"357","13.6016370899589","104.150711215578","368","0.0187445773420702","6.10475422562776","Siemréab","Cambodia","Sustainable forest"
"264","13.5967542824548","104.168373069472","384","0.0377445835989727","0.0992841952345027","Siemréab","Cambodia","Sustainable forest"
"334","13.6026078771149","104.174212300105","306","0.129096877188335","0.395772594444995","Siemréab","Cambodia","Sustainable forest"
"96","13.6037645497822","104.238511523398","79","0.00489642778024532","0.915360730468522","Siemréab","Cambodia","Sustainable forest"
"360","13.6071796417245","104.109366351039","368","0.0187028425053445","4.95406227528623","Siemréab","Cambodia","Sustainable forest"
"655","13.6129860353623","104.123544950689","393","0.0319944452270804","4.97390962134066","Siemréab","Cambodia","Sustainable forest"
"611","13.6096504971807","104.131973351884","390","0.0114539019975334","2.69073599838905","Siemréab","Cambodia","Sustainable forest"
"541","13.605712955819","104.147427604154","345","0.00427582901083336","3.98322791236828","Siemréab","Cambodia","Sustainable forest"
"700","13.6057956422962","104.15454012303","368","0.0187445773420702","6.10475422562776","Siemréab","Cambodia","Sustainable forest"
"237","13.605511707332","104.160576523286","390","0.0735710728076879","0.568019996786979","Siemréab","Cambodia","Sustainable forest"
"371","13.6159577185248","104.134196392593","366","0.0256159213210848","2.06146789623944","Siemréab","Cambodia","Sustainable forest"
"405","13.6253983481965","104.122739162145","356","0.0342338236436472","1.57475740281785","Siemréab","Cambodia","Sustainable forest"
"202","13.6245805486578","104.135853501867","389","0.0361753165263204","1.12928411670889","Siemréab","Cambodia","Sustainable forest"
